{"gamma": [0.0, 0.1, 0.2, 0.3, 0.4, 0.5, 0.6, 0.7, 0.8, 0.9, 1.0], "char_mat_data": [[[[0.9999999999999916, 0.9984226881826763], [0.9984226881826763, 0.9999999999999916]], [[0.9999999999999919, 0.9999907891925424], [0.9999907891925424, 0.9999999999999919]], [[0.9999999999999919, 0.9999815613261176], [0.9999815613261176, 0.9999999999999919]], [[0.9999999999999919, 0.9999108423995064], [0.9999108423995064, 0.999999999999992]], [[0.9999999999999918, 0.9999372090670089], [0.9999372090670089, 0.9999999999999918]], [[0.9999999999999918, 0.9999999993703805], [0.9999999993703805, 0.9999999999999918]], [[0.999999999999992, 0.9999999966981603], [0.9999999966981603, 0.999999999999992]], [[0.999999999999992, 0.9999945559454912], [0.9999945559454912, 0.999999999999992]], [[0.999999999999992, 0.7519401833831583], [0.7519401833831583, 0.999999999999992]], [[0.9999999999999918, 0.9999999978191285], [0.9999999978191285, 0.9999999999999919]]], [[[0.9997647331904236, 0.6956005907059393], [0.6956005907059393, 0.9999851564458024]], [[0.9999991178190291, 0.6456167898294285], [0.6456167898294285, 0.9999951888846537]], [[0.9978721003436417, 0.6568727011914997], [0.6568727011914997, 0.9994598714045295]], [[0.9996047498550131, 0.7119198816665988], [0.7119198816665988, 0.9999026707267324]], [[0.9980733150370077, 0.598924673005492], [0.598924673005492, 0.9970773971571358]], [[0.9989659897403391, 0.6624607233011328], [0.6624607233011328, 0.9996404403370642]], [[0.9960063289782664, 0.6940846544792887], [0.6940846544792887, 0.9938000711321155]], [[0.9999166199662306, 0.6972332772805805], [0.6972332772805805, 0.9974756606473589]], [[0.999998151068285, 0.6293325207309242], [0.6293325207309242, 0.9993244738209248]], [[0.99991038553533, 0.7010396546510955], [0.7010396546510955, 0.9928795155942414]]], [[[0.9999706487409821, 0.047048588225584], [0.047048588225584, 0.9994620773537498]], [[0.9954033546633911, 0.2518693792588522], [0.2518693792588522, 0.9763453845334047]], [[0.9901670243615528, 0.4294832494393941], [0.4294832494393941, 0.9915897687080729]], [[0.9998938147630955, 0.4492441620459531], [0.4492441620459531, 0.994721638232051]], [[0.9861806113236924, 0.5006791150049921], [0.5006791150049921, 0.971634772564433]], [[0.9767759135106295, 0.4828574049116934], [0.4828574049116934, 0.9748784181924431]], [[0.999647575431254, 0.42161180039759905], [0.42161180039759905, 0.9936890008365238]], [[0.999995072811718, 0.09159602563145897], [0.09159602563145897, 0.9998025459695782]], [[0.9748907064772931, 0.5113359247746976], [0.5113359247746976, 0.9884253057265638]], [[0.9747885554646472, 0.45643244780825865], [0.45643244780825865, 0.9999370811912262]]], [[[0.9468494427442601, 0.387799447779857], [0.387799447779857, 0.9997813314866333]], [[0.9918395963890752, 0.3305896906844481], [0.3305896906844481, 0.9998073975742856]], [[0.9671998961966337, 0.3541413587409441], [0.3541413587409441, 0.9419697419020292]], [[0.963564225026605, 0.17850373246753515], [0.17850373246753515, 0.9784634519664481]], [[0.9646198226767249, 0.30399177290945634], [0.30399177290945634, 0.9552699833055016]], [[0.9999875045632322, 0.3436315349249035], [0.3436315349249035, 0.9909706309011992]], [[0.9682936909474005, 0.32227084688005414], [0.32227084688005414, 0.99834168341535]], [[0.9936574713033758, 0.3661076337900131], [0.3661076337900131, 0.9791841953219589]], [[0.9642330138598288, 0.3517179074259291], [0.3517179074259291, 0.9687399690021488]], [[0.9786683286735819, 0.3108839964051928], [0.3108839964051928, 0.9977973237364239]]], [[[0.9436875239636611, 0.25205368193184463], [0.25205368193184463, 0.9090058027881174]], [[0.9817505001325593, 0.001071871709883876], [0.001071871709883876, 0.9221252723468476]], [[0.8945436148278669, 0.23933677217412175], [0.23933677217412175, 0.9907726405865875]], [[0.9699282294639097, 0.03538120911411946], [0.03538120911411946, 0.9514898170783118]], [[0.9963485843482067, 0.2221503561223992], [0.2221503561223992, 0.9997987595307347]], [[0.9999305739345516, 0.1285523071355965], [0.1285523071355965, 0.9959879459353539]], [[0.9987408519857199, 0.1584017512319562], [0.1584017512319562, 0.9908991458510101]], [[0.8906249729090553, 0.2552974163262878], [0.2552974163262878, 0.9323826062732558]], [[0.9298353271401817, 0.2680409588211179], [0.2680409588211179, 0.9999359962247545]], [[0.9984830934448861, 0.27190693412717426], [0.27190693412717426, 0.9964249138243897]]], [[[0.960654785319579, 0.10908128200009903], [0.10908128200009903, 0.8637472805331572]], [[0.9999962552632533, 0.022259133545319276], [0.022259133545319276, 0.9999915537988024]], [[0.8158380992863669, 0.1616374733017456], [0.1616374733017456, 0.8931661359553165]], [[0.928425295047441, 0.1412690858840615], [0.1412690858840615, 0.9958532931776736]], [[0.9071611513715387, 0.09614719101732017], [0.09614719101732017, 0.999384679393748]], [[0.8869890367647542, 0.1009729055805515], [0.1009729055805515, 0.9838430991825109]], [[0.9963793923240538, 0.001359388676694051], [0.001359388676694051, 0.9999598160399117]], [[0.9994668338842072, 0.004481901113781994], [0.004481901113781994, 0.9723537391035264]], [[0.8904593987140965, 0.09004089058166587], [0.09004089058166587, 0.9980356779893862]], [[0.8130308364660136, 0.08945780325039387], [0.08945780325039387, 0.8372473053642812]]], [[[0.8520974147546175, 0.07669826774375754], [0.07669826774375754, 0.992034167649757]], [[0.9986536066245794, 0.10749497146391418], [0.10749497146391418, 0.9558136315532311]], [[0.7385019238713033, 0.10359816496097096], [0.10359816496097096, 0.8524619785198198]], [[0.7604635467435608, 0.06214596053384436], [0.06214596053384436, 0.9965934399306268]], [[0.8095288261087152, 0.02532153408739557], [0.02532153408739557, 0.9563756945625155]], [[0.8107394017346465, 0.016169667923413122], [0.016169667923413122, 0.7691923802682993]], [[0.787014877972557, 0.1006795632851607], [0.1006795632851607, 0.7973134747744572]], [[0.7400527427996361, 0.10825283424328469], [0.10825283424328469, 0.8358774110453716]], [[0.8407823071737781, 0.11620964392525823], [0.11620964392525823, 0.9600788748743814]], [[0.7505695762144051, 0.01330809839950331], [0.01330809839950331, 0.9999066855586487]]], [[[0.7931607657184693, 0.030009659408577027], [0.030009659408577027, 0.6244583390957185]], [[0.9742441577558782, 0.04828563742272096], [0.04828563742272096, 0.9161283414248924]], [[0.6565963341544542, 0.054347970231372944], [0.054347970231372944, 0.9710532033505289]], [[0.8363977248372663, 0.04962765289892013], [0.04962765289892013, 0.6262749427038086]], [[0.9838959212658902, 0.03160797788781311], [0.03160797788781311, 0.9491844569459953]], [[0.9996881004772098, 0.05020677531666662], [0.05020677531666662, 0.7646248218917272]], [[0.672370256150327, 0.025709050931746358], [0.025709050931746358, 0.6926215526213402]], [[0.9848391845273975, 0.043445533573162276], [0.043445533573162276, 0.6185146028421642]], [[0.7728675844701473, 0.05658309140524076], [0.05658309140524076, 0.9828083748588448]], [[0.6128411453281595, 0.06274330806956585], [0.06274330806956585, 0.9667400907622696]]], [[[0.810607630327966, 0.01393063872381628], [0.01393063872381628, 0.9558586741819171]], [[0.675690103816499, 0.021399514948204246], [0.021399514948204246, 0.4901996754920345]], [[0.48842653171057515, 0.0018776847219894588], [0.0018776847219894588, 0.4750210758420568]], [[0.9811864389756136, 0.01783365682613991], [0.01783365682613991, 0.649206808975056]], [[0.999986634384163, 0.018489363277921056], [0.018489363277921056, 0.5838896646638702]], [[0.6033322648769259, 0.01772647093748847], [0.01772647093748847, 0.5046094838140928]], [[0.47820325065897407, 0.02217074261190133], [0.02217074261190133, 0.9255069159564651]], [[0.5946310376712447, 0.025651839900703077], [0.025651839900703077, 0.9930693630102407]], [[0.9577167250392021, 0.009894340194319007], [0.009894340194319007, 0.9632228588019194]], [[0.9999925956892624, 0.0007985966762737995], [0.0007985966762737995, 0.8390913499525992]]], [[[0.39697857328102837, 0.0031550390376393622], 