{"gamma": [0.0, 0.1, 0.2, 0.3, 0.4, 0.5, 0.6, 0.7, 0.8, 0.9, 1.0], "char_mat_data": [[[[0.9999999999999655, 0.9999999994137165], [0.9999999994137165, 0.9999999999999655]], [[0.9999999999999656, 0.8311167915157824], [0.8311167915157824, 0.9999999999999656]], [[0.9999999999999655, 0.9999999938955173], [0.9999999938955173, 0.9999999999999654]], [[0.9999999999999655, 0.6738437284106218], [0.6738437284106218, 0.9999999999999654]], [[0.9999999999999655, 0.9999999963107311], [0.9999999963107311, 0.9999999999999655]], [[0.9999999999999654, 0.9999999996795288], [0.9999999996795288, 0.9999999999999654]], [[0.9999999999999655, 0.9999713770404202], [0.9999713770404202, 0.9999999999999656]], [[0.9999999999999656, 0.9999999990257855], [0.9999999990257855, 0.9999999999999656]], [[0.9999999999999654, 0.9996461929061926], [0.9996461929061926, 0.9999999999999656]], [[0.9999999999999654, 0.563137141344181], [0.563137141344181, 0.9999999999999653]]], [[[0.9999999999999653, 0.4262811214018094], [0.4262811214018094, 0.9999999999999653]], [[0.9999999999999651, 0.5384051369167222], [0.5384051369167222, 0.9999999999999651]], [[0.9999999999999654, 0.4155753506008859], [0.4155753506008859, 0.9999999999999653]], [[0.9999999999999651, 0.5269446212844515], [0.5269446212844515, 0.9999999999999651]], [[0.9999999999999653, 0.3594070912366045], [0.3594070912366045, 0.9999999999999653]], [[0.9999999999999651, 0.47148089134185334], [0.47148089134185334, 0.9999999999999651]], [[0.9999999999999654, 0.4840872532568352], [0.4840872532568352, 0.9999999999999654]], [[0.9999999999999651, 0.5467310347378744], [0.5467310347378744, 0.9999999999999651]], [[0.9999999999999654, 0.3745799824102902], [0.3745799824102902, 0.9999999999999654]], [[0.9999999999999651, 0.5470562962736356], [0.5470562962736356, 0.9999999999999653]]], [[[0.9999999999999653, 0.2175750893271713], [0.2175750893271713, 0.9999999999999653]], [[0.9999999999999653, 0.03218005657826861], [0.03218005657826861, 0.9999999999999654]], [[0.9999999999999651, 0.3180203003309192], [0.3180203003309192, 0.9999999999999651]], [[0.9999999999999651, 0.3197825752009895], [0.3197825752009895, 0.9999999999999651]], [[0.9999999999999651, 0.17235313702817612], [0.17235313702817612, 0.9999999999999651]], [[0.9999999999999651, 0.29321918829678784], [0.29321918829678784, 0.9999999999999651]], [[0.9999999999999653, 0.3006085607265687], [0.3006085607265687, 0.9999999999999653]], [[0.9999999999999654, 0.002014578963256408], [0.002014578963256408, 0.9999999999999654]], [[0.9999999999999653, 0.014647908751102223], [0.014647908751102223, 0.9999999999999653]], [[0.9999999999999653, 0.2650143897076551], [0.2650143897076551, 0.9999999999999653]]], [[[0.9999999999999653, 0.17231194142680328], [0.17231194142680328, 0.9999999999999654]], [[0.9999999999999654, 0.10153717488926972], [0.10153717488926972, 0.9999999999999654]], [[0.9999999999999654, 0.0056913782698504445], [0.0056913782698504445, 0.9999999999999655]], [[0.9999999999999654, 0.040148271513946954], [0.040148271513946954, 0.9999999999999655]], [[0.9999999999999654, 0.00742726214786904], [0.00742726214786904, 0.9999999999999654]], [[0.9999999999999654, 0.15359524050375595], [0.15359524050375595, 0.9999999999999655]], [[0.9999999999999655, 0.08336908158956868], [0.08336908158956868, 0.9999999999999655]], [[0.9999999999999654, 0.13559193601284436], [0.13559193601284436, 0.9999999999999654]], [[0.9999999999999656, 0.1594154670018162], [0.1594154670018162, 0.9999999999999656]], [[0.9999999999999655, 0.13599173299229972], [0.13599173299229972, 0.9999999999999655]]], [[[0.9999999999999654, 0.07468320334366574], [0.07468320334366574, 0.9999999999999654]], [[0.9999999999999653, 0.09429278807263008], [0.09429278807263008, 0.9999999999999653]], [[0.9999999999999654, 0.07455410155150743], [0.07455410155150743, 0.9999999999999654]], [[0.9999999999999653, 0.05607575710030632], [0.05607575710030632, 0.9999999999999654]], [[0.9999999999999654, 0.01745935297670287], [0.01745935297670287, 0.9999999999999654]], [[0.9999999999999654, 0.023854632314100455], [0.023854632314100455, 0.9999999999999654]], [[0.9999999999999654, 0.03102040064101974], [0.03102040064101974, 0.9999999999999654]], [[0.9999999999999654, 0.007111340837331337], [0.007111340837331337, 0.9999999999999655]], [[0.9999999999999654, 0.0005117928258844273], [0.0005117928258844273, 0.9999999999999654]], [[0.9999999999999655, 0.08970590503252618], [0.08970590503252618, 0.9999999999999654]]], [[[0.9999999999999655, 0.035659904444780954], [0.035659904444780954, 0.9999999999999655]], [[0.9999999999999653, 0.026421810316893612], [0.026421810316893612, 0.9999999999999654]], [[0.9999999999999656, 0.023418994417079952], [0.023418994417079952, 0.9999999999999656]], [[0.9999999999999656, 0.04359220446293488], [0.04359220446293488, 0.9999999999999656]], [[0.9999999999999654, 0.024300450941106444], [0.024300450941106444, 0.9999999999999654]], [[0.9999999999999654, 0.005492674692897159], [0.005492674692897159, 0.9999999999999654]], [[0.9999999999999656, 0.0290056960275642], [0.0290056960275642, 0.9999999999999656]], [[0.9999999999999656, 0.0028443553794208487], [0.0028443553794208487, 0.9999999999999656]], [[0.9999999999999654, 0.03260928418840647], [0.03260928418840647, 0.9999999999999654]], [[0.9999999999999654, 0.03534438085938074], [0.03534438085938074, 0.9999999999999654]]], [[[0.9999999999999654, 0.01607866702955385], [0.01607866702955385, 0.9999999999999654]], [[0.9999999999999654, 0.010294818909296843], [0.010294818909296843, 0.9999999999999654]], [[0.9999999999999654, 0.01197940406364184], [0.01197940406364184, 0.9999999999999654]], [[0.9999999999999653, 0.002429868777868549], [0.002429868777868549, 0.9999999999999654]], [[0.9999999999999653, 0.012553242877940685], [0.012553242877940685, 0.9999999999999653]], [[0.9999999999999653, 0.012368806159083867], [0.012368806159083867, 0.9999999999999653]], [[0.9999999999999653, 9.767709714836315e-06], [9.767709714836315e-06, 0.9999999999999653]], [[0.9999999999999653, 0.0014225556362303937], [0.0014225556362303937, 0.9999999999999653]], [[0.9999999999999654, 0.016983004838981186], [0.016983004838981186, 0.9999999999999654]], [[0.9999999999999654, 0.008264145475482598], [0.008264145475482598, 0.9999999999999653]]], [[[0.9999999999999654, 4.035394508461465e-05], [4.035394508461465e-05, 0.9999999999999654]], [[0.9999999999999654, 0.0008767774700801922], [0.0008767774700801922, 0.9999999999999654]], [[0.9999999999999653, 7.341566437757407e-05], [7.341566437757407e-05, 0.9999999999999653]], [[0.9999999999999654, 0.00032813739959003385], [0.00032813739959003385, 0.9999999999999654]], [[0.9999999999999656, 0.0036785222693684894], [0.0036785222693684894, 0.9999999999999656]], [[0.9999999999999654, 0.0029194180512894796], [0.0029194180512894796, 0.9999999999999654]], [[0.9999999999999654, 0.002030248482173036], [0.002030248482173036, 0.9999999999999654]], [[0.9999999999999654, 0.0013225157444056723], [0.0013225157444056723, 0.9999999999999654]], [[0.9999999999999654, 0.004471926653655478], [0.004471926653655478, 0.9999999999999654]], [[0.9999999999999654, 0.002648945097736055], [0.002648945097736055, 0.9999999999999654]]], [[[0.9999999999999654, 5.2647889299040074e-05], [5.2647889299040074e-05, 0.9999999999999654]], [[0.9999999999999654, 0.00039182603707788033], [0.00039182603707788033, 0.9999999999999654]], [[0.9999999999999656, 0.0004043761006966573], [0.0004043761006966573, 0.9999999999999656]], [[0.9999999999999654, 0.00045021413493295803], [0.00045021413493295803, 0.9999999999999654]], [[0.9999999999999656, 0.0002755292516762875], [0.0002755292516762875, 0.9999999999999656]], [[0.9999999999999654, 1.3877061695755089e-05], [1.3877061695755089e-05, 0.9999999999999654]], [[0.9999999999999653, 0.00011147267557864993], [0.00011147267557864993, 0.9999999999999653]], [[0.9999999999999653, 0.0011102390822164132], [0.0011102390822164132, 0.9999999999999653]], [[0.9999999999999656, 0.0006507125107315659], [0.0006507125107315659, 