{"gamma": [0.0, 0.1, 0.2, 0.3, 0.4, 0.5, 0.6, 0.7, 0.8, 0.9, 1.0], "char_mat_data": [[[[0.9999999999999831, 0.9999999983711492], [0.9999999983711492, 0.9999999999999831]], [[0.9999999999999832, 0.9999999993681867], [0.9999999993681867, 0.9999999999999832]], [[0.9999999999999833, 0.9999999994027171], [0.9999999994027171, 0.9999999999999833]], [[0.9999999999999832, 0.9645757525177818], [0.9645757525177818, 0.9999999999999833]], [[0.9999999999999833, 0.7840153502791798], [0.7840153502791798, 0.9999999999999833]], [[0.9999999999999831, 0.9999999963088175], [0.9999999963088175, 0.9999999999999831]], [[0.9999999999999832, 0.9993187212618895], [0.9993187212618895, 0.9999999999999833]], [[0.9999999999999832, 0.9999999968564928], [0.9999999968564928, 0.9999999999999832]], [[0.9999999999999831, 0.9999999984938994], [0.9999999984938994, 0.9999999999999831]], [[0.9999999999999831, 0.8921430137588862], [0.8921430137588862, 0.9999999999999831]]], [[[0.999999999999983, 0.17319158198570572], [0.17319158198570572, 0.9999999999999829]], [[0.999999999999983, 0.19947907083279293], [0.19947907083279293, 0.9999999999999829]], [[0.999999999999983, 0.2173448800543678], [0.2173448800543678, 0.999999999999983]], [[0.9999999999999829, 0.3582797855072857], [0.3582797855072857, 0.9999999999999829]], [[0.9999999999999829, 0.6550640748522292], [0.6550640748522292, 0.9999999999999829]], [[0.9999999999999828, 0.34591995001988596], [0.34591995001988596, 0.9999999999999829]], [[0.9999999999999827, 0.36752722419998607], [0.36752722419998607, 0.9999999999999827]], [[0.9999999999999829, 0.06001539957813473], [0.06001539957813473, 0.9999999999999829]], [[0.9999999999999829, 0.16051588938485617], [0.16051588938485617, 0.9999999999999829]], [[0.9999999999999829, 0.10254074567066063], [0.10254074567066063, 0.9999999999999829]]], [[[0.9999999999999831, 0.7842286956046611], [0.7842286956046611, 0.9999999999999831]], [[0.9999999999999829, 0.1990517835291714], [0.1990517835291714, 0.9999999999999829]], [[0.9999999999999831, 0.09121991793496442], [0.09121991793496442, 0.999999999999983]], [[0.9999999999999829, 0.7573563693207883], [0.7573563693207883, 0.999999999999983]], [[0.9999999999999828, 0.3116130155690917], [0.3116130155690917, 0.9999999999999828]], [[0.9999999999999829, 0.6808106912013507], [0.6808106912013507, 0.9999999999999829]], [[0.9999999999999829, 0.04448245703648723], [0.04448245703648723, 0.9999999999999828]], [[0.9999999999999831, 0.00017124386996814067], [0.00017124386996814067, 0.9999999999999831]], [[0.9999999999999829, 0.009164943538845005], [0.009164943538845005, 0.9999999999999829]], [[0.999999999999983, 0.015508369949991163], [0.015508369949991163, 0.999999999999983]]], [[[0.9999999999999831, 0.014291480738750195], [0.014291480738750195, 0.9999999999999831]], [[0.9999999999999831, 0.041641359148561374], [0.041641359148561374, 0.9999999999999832]], [[0.9999999999999833, 0.02738422326743506], [0.02738422326743506, 0.9999999999999833]], [[0.9999999999999831, 0.030427041418600087], [0.030427041418600087, 0.9999999999999831]], [[0.9999999999999833, 0.6839556156780551], [0.6839556156780551, 0.9999999999999833]], [[0.9999999999999831, 0.013153476893135174], [0.013153476893135174, 0.9999999999999831]], [[0.9999999999999831, 0.22853776873976717], [0.22853776873976717, 0.9999999999999831]], [[0.9999999999999831, 0.00012146703312687634], [0.00012146703312687634, 0.9999999999999832]], [[0.9999999999999831, 0.6692534460260879], [0.6692534460260879, 0.9999999999999832]], [[0.9999999999999832, 0.017507121563186567], [0.017507121563186567, 0.9999999999999832]]], [[[0.9999999999999831, 0.5460942903823547], [0.5460942903823547, 0.9999999999999831]], [[0.9999999999999832, 0.00122357360802261], [0.00122357360802261, 0.9999999999999832]], [[0.9999999999999829, 0.00010657852690654224], [0.00010657852690654224, 0.9999999999999829]], [[0.9999999999999831, 0.00355358218923163], [0.00355358218923163, 0.9999999999999831]], [[0.9999999999999832, 0.00018517155759667503], [0.00018517155759667503, 0.9999999999999832]], [[0.9999999999999831, 0.0013233915581123412], [0.0013233915581123412, 0.9999999999999831]], [[0.9999999999999831, 0.00020078672021695], [0.00020078672021695, 0.9999999999999831]], [[0.9999999999999832, 0.4689248792910643], [0.4689248792910643, 0.9999999999999832]], [[0.9999999999999829, 0.004673416143657683], [0.004673416143657683, 0.9999999999999829]], [[0.9999999999999831, 0.6429031866091188], [0.6429031866091188, 0.9999999999999831]]], [[[0.9999999999999831, 0.05961772683742028], [0.05961772683742028, 0.9999999999999831]], [[0.9999999999999829, 0.11242132601264077], [0.11242132601264077, 0.9999999999999829]], [[0.9999999999999831, 0.0004145235449559692], [0.0004145235449559692, 0.9999999999999831]], [[0.9999999999999831, 0.0003651811220637402], [0.0003651811220637402, 0.9999999999999831]], [[0.9999999999999831, 0.5420582280800139], [0.5420582280800139, 0.9999999999999831]], [[0.9999999999999831, 0.00010007971533210203], [0.00010007971533210203, 0.9999999999999831]], [[0.999999999999983, 0.08677324950926946], [0.08677324950926946, 0.999999999999983]], [[0.9999999999999831, 0.01439661350766741], [0.01439661350766741, 0.9999999999999831]], [[0.9999999999999832, 0.0015275832412993129], [0.0015275832412993129, 0.9999999999999832]], [[0.9999999999999831, 0.00011062799331562623], [0.00011062799331562623, 0.9999999999999831]]], [[[0.9999999999999831, 0.5415669490131276], [0.5415669490131276, 0.9999999999999831]], [[0.9999999999999829, 0.3868256840230988], [0.3868256840230988, 0.9999999999999829]], [[0.9999999999999832, 0.08874005527201834], [0.08874005527201834, 0.9999999999999832]], [[0.999999999999983, 0.01330252393939979], [0.01330252393939979, 0.999999999999983]], [[0.9999999999999831, 0.2380342212791029], [0.2380342212791029, 0.9999999999999831]], [[0.9999999999999832, 0.18545629206175396], [0.18545629206175396, 0.9999999999999832]], [[0.9999999999999831, 0.1271264985687095], [0.1271264985687095, 0.9999999999999831]], [[0.9999999999999831, 0.31630907766833083], [0.31630907766833083, 0.9999999999999832]], [[0.9999999999999831, 0.5688985574237617], [0.5688985574237617, 0.9999999999999831]], [[0.9999999999999831, 0.06265413791323593], [0.06265413791323593, 0.9999999999999831]]], [[[0.9999999999999831, 0.008271623060274846], [0.008271623060274846, 0.9999999999999831]], [[0.9999999999999831, 0.021191900074394088], [0.021191900074394088, 0.9999999999999831]], [[0.999999999999983, 0.4957255206062592], [0.4957255206062592, 0.999999999999983]], [[0.9999999999999832, 0.669816103135719], [0.669816103135719, 0.9999999999999832]], [[0.9999999999999831, 0.5000181190604844], [0.5000181190604844, 0.9999999999999831]], [[0.999999999999983, 0.26604578325972605], [0.26604578325972605, 0.999999999999983]], [[0.9999999999999831, 0.688699293351416], [0.688699293351416, 0.9999999999999831]], [[0.9999999999999831, 0.026159006311690547], [0.026159006311690547, 0.9999999999999831]], [[0.9999999999999832, 0.5851240432191172], [0.5851240432191172, 0.9999999999999833]], [[0.999999999999983, 0.015111135804824816], [0.015111135804824816, 0.9999999999999829]]], [[[0.9999999999999829, 0.5220442403452947], [0.5220442403452947, 0.9999999999999829]], [[0.9999999999999829, 0.3178008961989398], [0.3178008961989398, 0.9999999999999829]], [[0.999999999999983, 0.11376520336532847], [0.11376520336532847, 0.999999999999983]], [[0.999999999999983, 0.0522579187226746], [0.0522579187226746, 0.9999999999999831]], [[0.999999999999983, 0.42676762596622697], [0.42676762596622697, 0.9999999999999831]], [[0.9999999999999829, 0.028558606084823968], [0.028558606084823968, 0.9999999999999829]], [[0.999999999999983, 0.09569228851508105], [0.09569228851508105, 0.9999999999999831]], [[0.9999999999999829, 0.7480005085861252], [0.7480005085861252, 0.9999999999999829]], [[0.999999999999983, 0.10029844311848146], [0.10029844311848146, 0.999999999999983]], [[0.9999999999999829, 0.10839064831476741], [0.10839064831476741, 0.9999999999999829]]], 